UDO! Du bist unser Held! Wann kommt eine DVD von deinem unplugged Album raus?! KNUTSCH :-);1
Das war schon vor Jahren mein Lied!!!!;1
Super geil der alte Haudegen wie in alten Zeiten,super;1
Udo,du bist der schärfste auf diesem Planeten ! Mach weiter so,immer weiter;1
Ich muß mal ganz ehrlich sagen das ich die neue Version des liedes überhaupt net gut finde…*kopfschüttel* ansonsten is udo echt der Hammer.;1
läuft seit Donnerstag dank Amazon bei mir im Player rauf & runter !Danke Udo geile Scheibe !Doppelzimmer Edition meine Empfehlung an alle die noch überlegen!;1
Lief bereits auf VIVA-HD...sehr geil, der alte Mann kann´s noch. Nächsten Monat kommt die Blu-ray.;1
is ja echt erstaunlich!!Da wohnt Udo ein paar Wochen nicht im Atlantic und schon hat das Hotel seine ”Sterne” wieder ',-)! Mensch Udo was treibst du denn da so eigendlich???? :-);1
Das Album ist der absolute Oberhammer! lindenberg beweist wie kein zweiter sein Gespür für tiefgründige Lyrik und Poesie. Auch zeigt er den ganzen Eintagsfliegen im Showgeschäft, was echter Rock bedeutet. Er ist seit nun mehr fast vierzig Jahren im Geschäft und kein bissche abgenutzt er zeigt den ganzen Popeintagsfliegen was wahre Musik bedeutet.;1
Lange machte Udo Lindenberg, 65, einen großen Bogen um seine Wachsfigur im Panoptikum am Spielbudenplatz. ”Sich da gegenüberzustehen und dann in diese starren Augen zu gucken, ist schon irgendwie ein mulmiges Gefühl”, sagt Lindenberg, der sich jetzt erstmals zusammen mit seinem Double aus Wachs ablichten ließ. ;1
Die Songs auf diesem Album sind so etwas wie das zum dritten Mal Aufgewärmte, das einem schon vor Jahren von L. vorgesetzt wurde. Auch die Tatsache das junge Künstler wie Jan Delay sich beteiligt haben, macht dieses Album nicht originell. Die Themen sind die alten, die Melodien nicht immer neu, die Stimme...nun ja...Geschmackssache. Fazit: Fade, farblos, Finger weg! ;0
UDO! Du bist unser Held!;1
Udo du bist der geilste Rocker!!!!!!!!!!;1
WAS SOLL MAN DA NOCH SAGEN?WIE WEIN-JE ÄLTER UM SOOOO BESSER!;1
meinen kindern gefällts super die gehen ab wie ne tüte mücken :))));1
Beim Auspacken haben mich die gelisteten Songs schon stutzig gemacht, das Hörerlebnis gab mir den Rest.;1
Ein Live-Konzert, was dermaßen zerstückelt wurde, ist unentschuldbar. Um es mit Udo zu sagen: Es tut weh, nur noch weh ...!!!!;0
Übrigens: Wenn man das Album nicht mit der Erwartung eines Livekonzertes angeht ist es sehr zu empfehlen.;1
Alles was ich von einer Live CD erwarte ist, mich ein bisschen wie im Konzert zu fühlen... Das geht immer nur bis zum Liedende. Schade, hier wurde ne ganz grosse Chance vertan.;0
Udos Stimme hat schon bessere Tage gesehen, aber hey: der Mann ist nicht mehr der Jüngste und Hektoliter Eierlikör hinterlassen halt ihre Spuren.;0
Als nicht eingefleischter U.L. Fan wüsste ich ehrlich nicht, ob ich mir die (Doppel-)CD gekauft und Udo's ”dubi du dab” Style so lange hätte anhören können.;0
Und Grund zum Jubeln gibt es eigentlich ohne Unterbrechung! Die Song-Auswahl an sich, ist schon mal ein Durchlaufen aller Jahrhunderte panischen Schaffens des Meisters.;1
Eine Verneigung ist angebracht und eine weitere Nr.1 in den Album-Charts zu wünschen.;1
sehr geil, einer der letzten styler!!!;1
Sehr, sehr geil.... Der Panic Rocker!!!;1
Hey Leute! Ich bin der GRÖßTE Udo Lindenberg Fan den es gibt..kein Witz! Ich war auf jedem Konzert und hatte auch das Vergnügen seine Keule zu pellen. Es war sehr schön. Hat jemand schon ähnliche Erfahrungen gemacht? Seit diesem Tag geht mir dieser Kerl nicht aus dem Kopf.Seit diesem Tag geht mir dieser Kerl nicht aus dem Kopf. Ich versuche schon öfters mit ihm in Kontakt zu treten, doch leider vergebens;1
Ich konnte und kann Udo Lindenberg nicht leiden. Er strotzt von kaum zu überbietender Arroganz, seine Lieder finde ich das Letzte, mit seinen Pseudo-Politischen-Gesellschafts-Texten auf Proll-Niveau.;0
Udo Lindenberg - entweder man mag ihn oder man hasst ihn.;1
ich hasse lindenberg der sieht imma aus als wär er stockbesoffen und hätte grade 3 joints geraucht einfach ekelig der typ;0
Udo ist der größte wo gibt, andere Meinungen werden natürlich auch ”kopfschüttel” akzeptiert;1
ich hasse diesen typ!!;0
Naja ich mag den nicht so sonderlich der kommt immer so komisch rüber;0
Den kann ich nicht leiden.Ist so.;0
ich werde mir das album auf jeden fall kaufen!udo ist ganz gross!;1
Lindenberg hats einfach drauf!!!!!;1
Sry, aber auf seiernde Drogenabhängige Alkoholiker hab ich keinen Bock;0
Und zu Udo Lindenberg: Ich finde,er macht sich Gedanken um die Menschen,damit sie die Fehler nich wiederholen,die sie machten. Das finde ich echt stark von ihm,aber daran denken ja auch nich viele und ziehn sich lieber Psychomusik rein...;1
aber er weiß wie man bei den Leuten ankommt. Er hat bestimmt sehr viel Erfahrung,glaub mir;1
das soll jetzt KEINE beleidigung sein, aber ich finde ohne seine sonnenbrille sieht er aus, als hätte jede denkbare droge genommen;0
Er ist eben der Meister, der immer wieder, angenehm überraschend, wie ein Phoenix aus der Asche aufsteigend von sich hören lässt!!!!!!;1
unglaublich. er ist für mich einer der besten deutschen musiker und mit sicherheit der beste deutsche songtextschreiber.;1
Ich fand Lindenberg immer zwiespältig, es gibt einige gute Sachen von ihm und vieles was mich so gar nicht anspricht.;1
Udo ist ganz nett, aber ihn als den besten deutschen Songtextschreiber zu bezeichnen ist echt lustig.;1
aber andere songtextschreiber zwei stufen höher als udo zu bewerten ist übertrieben. die texte zu mädchen aus ostberlin und sie brauchen keinen führer sind doch sehr gut. sonderzug nach pankow einfach sehr witzig, er reibt es erich ordentlich rein.;1
Jo, Udo Lindenberg hat schon einige gute Sachen gemacht. Bei manchem bin ich mir allerdings nie so sicher, was anstrengender ist: die Musik oder ein Interview mit ihm...;1
Also ich finde U. Lindenberg äußerst schlimm - und das nicht nur musikalisch. Seine Art nervt mich tierisch. Musikalisch kenne ich kaum Musik, die mir noch weniger zusagt.;0
Insgesamt nervt mich aber häufig sein Gesang, der - wir ich neulich bei ”Wer bin ich” erfahren konnte - früher nicht so penetrant war.;0
Udo ist cool! Aber der beste Texter? Hmm, weiß ich nicht. Aber ich mag einiges von seiner Musik gerne.;1
Jajaja, Udos Alkoholproblem, soll ja hier in Hamburg mal mit soviel Promille eingeliefert worden sein, an dem alle Anderen krepiert wären, nur der kleine Udo...;1
Udo gehörte für mich zu den Dummschwätzern ala ”Great Rock´n Roll Swindle”.;0
er soll nicht singen nur zu rente gehen;0
„Das aus dem gemeinsamen Interesse an der Musik von Unheilig und dem Unterstützen einer guten Sache solche wunderschöne Begegnungen entstehen können und Freundschaften daraus werden, war für alle ein besonderes Erlebnis und Gefühl”, sagte Dettmann.;1
Ich war in Iffezheim das war so Hammer das ich noch nach Losheim bin mit meinen 2 Töchter und Freundin wir waren alle so was von Nass aber trotzdem Hammergeil ich freu mich auch schon auf nächstes Jahr.;1
sooooooooooooooooooooooooooooooooo geil!!!!!!!;1
Dieses Album ist für mich leider nicht wirklich ein Highlight, da kannte man einfach schon wesentlich besseres vom Grafen.”Geboren um zu leben” ist an sich wirklich gelungen, wobei mir der Kinderchor definitiv ”too much” ist. ;1
Was ich damit sagen will ist, dass das, was die Band ursprünglich ausmachte verfliegt und sich komischerweise immer dem anpasst, was momentan in den Charts ist.;0
Schade um die vertane Zeit. Simple Schlagermelodien mit Möchtegerndramatik aufgepeppt. Die Texte sind in Ihrer Einfalt kaum zu ertragen. Wirklich schade drum.;0
Tausende Fans warten darauf Unheilig live in Mönchengladbach zu sehen. Einige von ihnen stehen schon seit 10 Uhr am Eingang um den ersehnten Platz in der ersten Reihe zu ergattern. Für Lena Weinkauff ist es bereits das 58. Unheilig-Konzert. Der Weg von Berlin nach Mönchengladbach ist für sie dabei nicht zu weit. Sie begleitet die Band auf der gesamten Tour. ;1
Es ist gute Musik, aber ich muss aufpassen, dass ich sie mir nicht ”überhöre”. Das wäre wirklich schade. Deswegen höre ich sie wenig, aber bewusst;1
ich liebe den graf !! doch leider ist er zu kommerzunell geworden.;1
Mag sein daß er grade *IN* ist, sich seine Texte immer noch vom allgemeinen Einheitsbrei der Pop - und Schlagerszene abheben, aber man sollte die Kirche im Dorf lassen.;1
Tja , wenns wenigstens ne Parodie und lustig wäre...aber das ist einfach nur grottenschlecht und unlustig.;0
hab mir den mist auch nicht bis zum schluss angesehen;0
Find es auch ok, dass UH dabei ist;1
Hätte auch gerne Unheilig mit An deiner Seite auf der Beerdigung meiner Tochter gehabt nur leider hielt der Pfarrer das für keine Gute Idee;1
unheilig ist so schlecht geworden durch den erfolk mal ganz wo ist die schwarze seite des grafen dazu sage ich nur geldgeier ;0
carsten ,unheilig ist was geworden????? durch den erfolg?????? er hat sich nicht verändert das puplikum hat sich verändert er ist der gleiche geblieben !!!!!!!;1
Selbst der Graf hat sich auf der Bühne verändert, er ist nun mal nicht mehr so düster, wie er mal war,;1
unheilig ist nicht Schlecht geworden. Der Graf ist Klasse und verändern tut sich jeder.;1
der graf ist einfach nur toll und seine musik erst! Einfach klasse;1
Ich persönlich finde nicht das sich der Graf so dermaßen stark verändert hat. Es soll schließlich nach seiner Aussage immer sein Ziel gewesen sein, da zu stehen wo er jetzt ist.;1
Ich finde es gut,wenn sich Künstler mit der Zeit verändern,das ist normal und eigentlich bei jedem Musiker so und nur weil sich die Musik verändert hat,heißt das nicht,dass sich die Musiker selbst auch so verändert haben.;1
Danke an UH für diesen Schatz an Perlen !!;1
Über die Stimme des Grafen muss man schon lange nichts mehr sagen, die geht immer unter die Haut. Egal ob laut oder leise.;1
Das Album ist Live - wie alles von UNHEILIG - noch viel geiler;1
Der Graf ist einfach ein toller Künstler und Mensch.;1
Die Songs sind instrumental meistens erstklassig, aber mit den Gesangsmelodien hätte sich der Graf schon etwas mehr Mühe geben können.;1
Bevor der glatzköpfige 'Graf' und sein Projekt durch das Album GROßE FREIHEIT im Jahre 2010 zur millionenschweren Band für die ganze Familie wurden, bereitete er den großen Angriff mit dieser Scheibe nicht ungeschickt vor. Musikalisch recht interessant irgendwo zwischen Wolfsheim und Rammstein zu verorten, klang es über seine Gesamtlänge allerdings dann doch sehr gleichförmig.;1
naja eigentlich muß ich ja sagen,daß ich die band mochte und ich die platte ohne reinzuhören kaufte-das war leider ein fehler.die platte langweilte mich recht schnell.das die texte von unheilig schon immer pathetisch waren ist ja nicht wirklich neu.aber bei dieser platte nerven die texte.;0
das klingt alles sehr weichgespült und mir persönlich zu künstlich.vielleicht bin ich auch zu alt dafür-mittlerweile.ein wenig mehr härte und agressivität würden dem grafen wohl gut stehen.es gibt nichts was es nicht woanders besser gibt.nicht schlecht aber auch nicht der überflieger;0
denn ich bin sicher, dass der Graf nicht ewig ”oben” sein wird… und so lang er es ist soll man es ruhig genießen… als Künstler und als Fan;1
Solange die Band aber Ihre Wurzeln kennt, NICHT abhebt und somit bodenständig bleibt, ist alles in Ordnung.;1
Ich werde den Weg mit UH weiter gehen und die Band weiterhin unterstützen so gut es geht, denn ich weiss, dass sich im Grunde nichts verändert hat. Wo Regen ist, ist auch Sonne…..;1
Lieber Graf, pass gut auf Dich auf und lass Dich nicht verheizen.;1
Du liebe Güte, weiß denn niemand was mit Unheilig anzufangen?;1
also ich könnte ein Fan von Unheilig werden (-:;1
also das neue album große freiheit reißt mich nun nicht gerade vom hocker.;0
unheilig muss man definitv mal live gesehen haben. gar nicht nur so kuschelig und schmusig, wie er einem jetzt alle naselang überall präsentiert wird. Richtig dynamisch der mann;1
Also ich find die einfach nur peinlich. Keine Stimme, verkrampfte Texte, viel inszeniertes Lebensleid ohne Authentizität.;0
das mit der authentizität ja oder nein ist ja immer so eine sache, weil man als musik konsument die künstler die man mag und hört selten bis nie persönlich kennt. ich würde dem grafen die jetzt nicht unbedingt grundsätzlich absprechen. ;1
So da ich der Meinung bin, dass Unheilig gut sind (gehört aber meiner Meinung auch in Gothicbereich) hole ich mal die Vorstellung nach (aber stimmt schon, die Stimme des Sängers ist geil):;1
Ich hasse Unheilig! So ein Pseudomusik;0
Bei mir wirkt UNHEILIG stark entschlackend. Wenn das im Badezimmer-Radio läuft, poltert es in der Schüssel als wenn ich Steine gegessen hätte!;0
Ich gönne ihm das was er erreicht hat , wenn es das ist was er immer wollte - bittesehr. Nur glaube ich das nicht so recht daß es das jetzt und so in der Form gewesen sein soll und daß die Situation wie sie momentan ist sein großes Ziel gewesen sein soll. Das auf keinen Fall.;1
Ich kenne alle seine Titel.. und ich finde sie alle Super??;1
Der Lack hat ordentlich Kratzer abbekommen, das hätte nicht sein müssen.;0
glaub möcht ich garnicht...kann man mögen oder nicht...ich tu es eben nicht...;0
wer unheilig nicht mag kennt das leben nicht oder hat keine ahnung von musik;1
der graf ookeeyy;1
wie kann man UH als depri empfinden? ich kenne niemanden, der solche traurigen themen in so positiver art wiedergeben kann, mit der musik aber vor allem auch mit den texten. ;1
wer hat eigentlich Sarah Connor erlaubt? Im Vorprogramm des ”Boxkampf des Jahres” durfte dir Frau mal wieder ihre Nase präsentieren.;0
Sarah Connor ist gestapelte Scheiße, der man eine blonde Perücke aufgesetzt hat.;0
Sarah sollte sich sofort ein neues Umfeld suchen, das ihr nicht so blutleeren Schrott zuschiebt. ;0
Die Frau kann singen aber die songs sind trotzdem Müll. Also Finger weg.;0
Hoffe Frau Connor lässt die vielen peinlichen Öffentlichen Auftritte mal und versucht mit mehr Zeit und disziplin ein besseres Album zu produzieren!!! ;0
Sarah Connor will sich auf ihre Familie konzentrieren. Die Sängerin, die derzeit als Jurorin der VOX-Castingshow ”X Factor” zu sehen ist, will sich bis zum Start der Live-Shows eine kleine Pause gönnen, um sich Zeit für Töchterchen Delphine Malou zu nehmen. ”Ich habe etwa sechs Wochen Zeit, um mich und meine Familie zu Hause an den neuen Rhythmus mit unserem Baby zu gewöhnen”, erklärt die 31-Jährige im Magazin ”Prinz”. Anfang September hatte sie ihre kleine Tochter zur Welt gebracht. ”Mitte Oktober gehen die Live-Shows für 'X Factor' los, da wird unsere Kleinste immer dabei sein.”;1
Eine fesselnde Performance: Stimme, Gefühl und Auftritt - absolut glaubhaft rübergebracht!;1
Aber ich finde, das ist eine neue Seite an ihr, die auf jeden Fall besser ist, als die ”neue Seite” des letzten Albums. ;1
Heute habe ich mir mal das neuste Schmachtwerk der (unverständlicherweise) relativ erfolgreichen Schmalztrulla Sarah Connor angehört. ;0
Nichts gegen die Spendenaktion. Aber Sarah Conner? Die kann nicht singen. Die hat DAS Lied und die Deutsche Nationalhymne verkackt.;0
Die Frau kann singen aber die songs sind trotzdem Müll.;0
Nach den beiden letzten Alben die ich sehr schlecht fand, war meine Erwartung an das neue Album sehr hoch, doch ich bin leider wieder sehr enttäuscht worden;0
Die Balladen machen zwar keinen Schaden, klingen aber so, als ob man sie schon zig-tausend Mal in leicht abgeänderten Varianten gehört hätte.;0
sie hätte den Originaltext singen? sollen dennoch sarah hats drauff:D;1
Kurz und knapp fehlt es Sarah Connor einfach an Weiterentwicklung.;0
Sarah ist sonst für ihren R'n'B sound bekannt, der auf dieser Platte jedoch nur die 2.”Geige” spielt.;0
Sarah hat mal wieder erneut bewiesen,das sie ein Album machen kann;1
Bei Sarah Connor hatte ich persönlich nun überhaupt keine Erwartungen mehr, weil mir die letzten Alben einfach nicht gefielen und ich ihre private Bauchnabelshow im TV auch zudem ziemlich abtörnend fand. Ich habe hier etwas ganz Tolles an ihr wiederentdeckt - nämlich ihre wundervolle Stimme.;1
Ich bin zwar kein Fan mehr und würde längst nicht mehr alles unterschreiben, was Ms Terenzi inzwischen so macht, doch singen kann sie tatäschlich noch!;1
Zuerst mal muss man vor dem musikalischen Gesamtwerk dieser Frau (8 Alben seit 2001) vor Ehrfurcht erstarren.;1
Ja ich bin ein Sarah Connor Fan...und nein, dadurch find ich nicht unbedingt alles gut was sie macht, im Gegenteil: ich höre mir die Songs an und bewerte sie sehr kritisch, aber mit ”Real Love” hat sie meiner Meinung nach wirklich ihr bestes Album veröffentlicht die sie insgesamt hatte.;1
Sarah hat sich endlich wieder selbst gefunden und ist endlich angekommen.;1
Nachdem meiner Meinung nach ziemlich schrägen ”Sexy as hell”, das nicht mehr Sarah sondern irgendein x-beliebiges Pop-Püppchen darstellte, ist unsere Sarah endlich wieder zurück.;1
Sarah wird das toll machen;1
ICh bin mir da nicht soooo sicher ob das wirklich stimmt, da ja sarah nicht so fan von solchen karstings ist.....;1
bin gespannt wie sarah es anstellt. aber ich glaube sie wirds ganz gut machen.;1
ass die arme sau doch leben. mir is die furzpiepschnurzegal. und ihre lieder gehen mir auch auf die eierstöcke!;0
Mir hat sie auch noch nie gefallen.;0
ja einst hat sie die Nationalhymne falsch gesungen (wohl auch mit absicht, gibt ja presse), nun Binden. Für Monatshygiene würde nie ein seriöses big model werben.;0
ich hasse sarah connor und außerdem guck uch x-faktor ned;0
ch bin kein großer fan von sar conner aber das lied ist gut für eine Deutsche;1
ch hasse sarah Connor, aba dieses eine Lied (Music is the Key oda so) is eig. ganz gut hörbar... liegt aba sicha net an sarah, sondern an naturally 7;0
Ujj, die hat aber laaaange Beine. Wow!;1
Ja ich bin der Meinung das sie wirklich gut singt und nicht das das alles nur unrecht ist.nicht war?;1
Sie hat eine UNGLAUBLICHE Stimme :) Sie ist mein absolutes Vorbild!!! =);1
Eine der besten DEUTSCHE SÄNGERIN jeder macht Fehler auch ein Star sind ja auch nur Menschen.Ich finde sie super gut;1
wann lernt dieses Teil endlich mal singen !!!;0
die ausnahmesängerin?diese sängerin ist ein langweiliger furz und bestimmt keine ausnahme im pop....;0
nö - seit 2005 hat sarah auch keine erfolge mehr :D;0
sie ist nicht bescheuert sondern eingebildet durfte sie ganz am anfang ihrer karriere mal in bremen begleiten....mit mutter usw. ins restaurant ”personenschutz”kann nur sagen ohne worte!!!habe den einsatz abgebrochen und alle meine leute abgezocken!!!war die arrogant und hochnasig!!! ist es jetzt anderes? man weiß es nicht ',-);0
ganz ehrlich. Ich persönlich finde sie bescheuert. gut, für ne Deutche kann sie okee singen, aber die beste ist sie lange nicht.;0
man kann über sie sagen was man will, aber eine unglaublich schöne stimme hat sie!;1
ich finde ihre songs und ihre stimme einfach immer faszienierend!;1
beschissen;0
sie kann super singen wer das nicht hört hat was in den ohren naja nur neider und wer lästert nicht ',);1
was findet ihr an sarah connor so toll ????? es gibt 1000 mal bessere sängerinen;0
ich finde das sarah voll die große nase hat^^;0
Also sie wär lieber textmäßig mehr beim original geblieben. Daumen runter. Hab von sarah mehr erwartet-;0
die kann echt nicht singen und sieht hässlich aus;0
Sarah C. hat sich zu einer angenehm bodenständigen Künstlerin entwickelt, deren Stimme ich immer wieder gerne höre.;1
Cooles Lied, schönes Mädchen, habe Lena gesehen bei Raab, getroffen sogar, sie ist verschiedenes ausser auf den Boden geblieben;1
Früher fand ich lena total dumm und hässlichaber nach dem lied....gings mir nemma ausm kopf;1
Man was seid ihr für pussy das ihr nicht damit klar kommt das es leute gibt die lena NICHT hassen ? das is so typisch , erst liebt sie jeder und dann hasst sie jeder wie mit justin bieber ',) ihr habt einfac;1
voll der rotz. sie hätte ein one hit wunder bleiben sollen;0
Das Album der deutschen Sängerin gibt es jetzt als Platin-Edition zu kaufen. Und natürlich wird auf der heute (16.09.) erscheinenden Platte auch der Song ”What A Man” enthalten sein. Der Song ist der offizielle Titelsong zu Matthias Schweighöfer‘ gleichnamigem Kinofilm. Im Original stammt ”What A Man” von Linda Lyndell und wurde bereits 1968 veröffentlicht – Lena verleiht dem Song allerdings einen ganz eigenen Charme. ;1
Lena ist garantiert keine Bitch... Nur scheinen die meisten Leute die solche Sprüche loslassen so doof zu sein und zu glauben, dass die Lena die man auf der Bühne oder in diesem Video sieht, die echte Lena wäre... Lena spielt auf der Bühne eine ROLLE. ;1
”What a man” - so lautet der Titel von Lenas neuer Single. Dabei handelt es sich um den Titelsong zum gleichnamigen Film mit Matthias Schweighöfer, der seit August im Kino läuft.;1
Ist die schon wieder da hilfe;0
naja zumindest siehts backstage nicht langweilig aus, wer da so alles rumwuselt :-) Da wäre ich doch gern mal dabei und würde da alles durcheinander bringen - klar und mit Lena n Kaffee trinken ',-);1
Nach der Lena-Manie im letzten Jahr hatte ich partout null Bock auf Fräulein Meyer-Landrut. Ich gebe es offen zu: Ich mag weder sie, noch ihre Stimme, noch ihre Masche. Als sie den ESC gewann, war ich natürlich regelrecht verärgert, auch wenn es ein offenes Geheimnis ist, dass die ganze Veranstaltung eigentlich ziemlich wenig mit der Kunstform Musik an sich zu tun hat. Dennoch war ich verärgert. ;0
Du bist ne Hure Du bist so schlecht sorry das Du Deutsdchland vertreten willst sorry ist Dir Dein Land was wert oder nur die Kohle die >Du aus ihm raus holen kannst so wie leider jedem!! In der Welt schreien sdie nach Freiheit einem Leben un d die lena die ist wichtig wenn ich könnrte ich würde dich an die plätze bringen an denen dein Rab und du Hure Mal Sehen was LEBEN HEIST ODE ÜBERLEBEN DU HURE DU RABHURE;0
ja wirklich ein Ohrwurm… oder besser gesagt eher Tinitus.;0
Was zur Hölle soll das den sein. Eine Mischung aus Joe Cocker und Björk, dazu dieser übertrieben peinlich, imitierte englische Akzent, obwohl sich jeder Engländer die Hose nass machen würde, wenn er diese Sprachversuche hört.;0
Der Song ist in jeder Hinsicht maximal Mittelmass und über den affigen Möchtegern-Cockney-Akzent kann man nur den Kopf schütteln.;0
Dazu kommt noch, dass dieses Lied einfach wieder eins dieser typischen aus dem A*** gezogenes 08/15 Geträllere darstellt.;0
Sie kann aber leider nicht singen. Es gibt Menschen, die können einfach nicht singen.;0
Ich hab in den Medien gehört, dass die Sängerin so unglaublich einmalig sei, sie einen abgefahrenen Tanzstil und eine außergewöhnlich tolle Stimme habe - um ehrlich zu sein, ich habe beides nicht so empfunden.;0
Wenn ich das hier höre, muss ich immer an ein schlechtes Nora Tschirner Double denken, dass in schlechtem Englisch einen schlechten Emiliana Torrini B-Seiten Song singt...;0
Also mir tut das Gequake in den Ohren weh.Mit guter Stimme und Gesang hat das meines Erachtens nichts zu tut.;0
Sie hat da eine merkwürdige aber durchaus nicht uninteressante Ausstrahlung. Ein bischen autistisch, irgendwie Joe Cocker mäßig - aber deutlich hübscher. Ecken und Kanten.;1
Das Lied finde ich super und ich hoffe das wir in Oslo abräumen. Aber an ihrer Englischen Aussprache muss sie echt noch arbeiten, das ist übel.;1
So schlecht kann das Lied ja nicht gewesen sein, wenn ganz Europa uns zum Sieger gewählt hat!;1
Endlich einmal eine Künstlerin von Weltformat, die nicht aus div. amerikanischen oder englischen Talenteschmieden kommt.;1
Also meinen langsam ”verwelkenden” Körper bringt sie mit dem Lied in Schwung. Lena mach Dein Ding!!;1
Die Siegerin Lena Meyer-Landrut ist endlich mal wieder eine würdige (singende) Vertreterin eines Landes.;1
Fünf Sterne, gewiß, aus der Sicht meiner Tochter (sie ist fünf). Und Lena hat auch noch einen passenden Auftritt bei Ernie und Bert anzubieten, was will man mehr?;1
Sie hat vielleicht nicht die perfekte und tollste Stimme,aber das Lied fliegt ins Ohr und bleibt dort sitzen. Mir gefällt ihre Unbekümmertheit und auch das sie doch ein wenig durchgeknallt ist.;1
Ist nur zu hoffen,das der Rummel um ihre Person,ihr nicht zu Kopf steigt.;1
Lena du wirst es ganz weit nach vorne schaffen..;1
also iich hab niix gegn siie abeer naJa… daas liied neervt scho langsam a biisii..;0
Lena ist natürlich und sympathisch, aber ihre Stimme wirkt ”knödelig”, wie jemand, der in der Dusche singt. Sie hat schon Verve und Engagement, aber das war es auch (ich mag sie wirklich).;1
ch weiss ganz genau, warum diese Chipmunk-Lolita einen Hass in mir auslöst. Weil ich mit der sowas von offensichtlich verarscht werden soll - unverfrorener ist es mir in meinem Leben bisher noch nicht untergekommen.;0
Denn dass sie keine perfekt ausgebildete Sängerin ist und durchaus Schwächen hat, habe ich nie abgestritten,;0
Langweilig würde ich gar nicht sagen. Aber austauschbar, klar.;0
Lena als Künstlerin würde ich ja noch durchgehen lassen, und ob sie tanzen kann ist egal.;1
Man kann Lena als Künstlerin bezeichnen (auch wenn ich da einige Gegenargumente hätte, aber das spielt jetzt keine Rolle), aber man kann sie ganz sicher noch nicht als großartige Künstlerin bezeichnen.;0
also ich trenne da : einmal lena auf der bühne. das rockt, das ist witzig, herrlich schräg, mir taugts. lena im interview dagegen ist ein ganz typisches kid mit 18. welchen lippenstift sie benutzt oder wohin sie tanzen geht, interessiert mich nicht. das hat auch nix.;1
Lena halte ich ganz und gar nicht für kompliziert oder anspruchsvoll. Im Gegenteil. Es wird doch immer wieder ihre Leichtigkeit und Lebensfreude hervorgehoben.;1
Lena, schön dass es Dich gibt;1
Lena ist für mich sowas wie die FDP der Musikbranche.;0
uninieren tut sich Lena von ganz alleine, durch ihr unflätigen Bemerkungen gegenüber Fans und durch ihr laienhaftes und unprofessionelles Verhalten, abgesehen davon, dass sie ja nun mal wirklich nicht singen kann;0
Ich mag Lena und ihre Musik!;1
Lena-Musik finde ich eintönig.;0
Ich höre Lena Meyer-Landrut, weils Ohr und Seele gut tut!;1
Ich höre Lena, weil mir ihre Musik ein Lächeln ins Gesicht zwingt!!;1
Ich drück dir die Daumen. Du bist einfach die beste!!!;1
Weisst Du, ich bin wie Lena: ich kann nichts, ich tu nichts und trotzdem finde ich immer wieder dumme Menschen, die mich unterstützen.;0
Lena du warst gestern einfach die Beste!!;1
dumme göre, hoffentlich machst du morgen den letzten platz.;0
Lebenslustig+Einmalig+Nett+Abgefahren=L E N A;1
Unentwegt hat der Regen auf die Köpfe der rund 3300 Besucher am Samstagabend im Schlosspark Merode getropft. Der große Wolkenbruch war - als Adel Tawil, Sänger der Band «Ich+Ich» aus Berlin die Bühne stürmte - bereits vorbei. Doch wirklich gestört von den weiteren Regentropfen während des Konzertes fühlten sich ohnehin die wenigsten Besucher. Singen, tanzen, klatschen, ab und an kuscheln zu den Klängen von «Ich+Ich» war wichtiger, viel wichtiger.;1
Leute könnt ihr mir mal sagen wie man sowas wundervolles disliken kann?!OmG sollen doch mal selber was besseres machen -.-!;1
Iwi singt adel tawil, dass alles scheiße ist und im refrain kommt cassandra steen und singt über eine neue stadt^^;0
so ein zufall - adel tawil, der gar nichts mehr mit rap zu tun hat und auch eigentlich nie hatte, ist hier bei staiger.de zu gast, jetzt wo diese neue ich+ich-scheisse rauskommt. aber letzten endes ist das eigentlich ein konsequenter schritt, auch wenn es ein weiterer rap.de-verrat ist - da wächst zusammen, was zusammengehört. geklaute popscheisse trifft auf abgehalfterte pseudo-rapszene. top, staiger, du bist der gorbatschow des raps in deutschland.;0
Macht ein paar Jahre Pause und geht auf Best of Tour, mit guten Alten Songs als diese sehr sehr enttäuschende Nummer... ;0
das lied is einfach nur der hammer und wurd auch noch in meiner stadt gedreht Wilhelmshaven <3 ;1
Nette Titel, gute Texte, lockere Musik, die ins Bein geht. Ich bin zufrieden mit der CD. Hatte mir zuvor noch keine CD gekauft von Ich & Ich, werde aber zukünftig vermutlich auch keine mehr kaufen. Das absolute Highlight war es meiner Meinung nach nicht. ;1
Danke für den schönen Abend gestern! das war mal wieder ein wunderschönes Konzert!Lörrach liebt Euch!;1
es war der knaller :) aber wieso gab es keine t-shirts von euch? :(;1
Habe mal paar zeilen mitgesungen und mir sind echt die tränen gekommen <333 so genialer text einfach!;1
Schade, aber hier wurde kein neues Album kreiert, sondern in gewohnter Weise schnell, einmal bewährtes aufgewärmt. Wie langweilig!;0
Nach 2 herrvorragenden Alben nun dies! Ich verleihe den Dieter-Thomas-Heck-Gedächnispreis.Texte von solcher Merkwürdigkeit sind schon lange nicht mehr produziert worden. Ist das ganze vielleicht eine Provokation um zu Beweisen welchen Schrott man noch verkaufen kann? Hoffentlich!! Am schlimmsten allerdings die süßlichen Interpretationen Adels, brauchbar allenfalls für die Lenorwerbung.;0
'Du bist das Pflaster für meine Seele', was für ein billiger Zinnober.;0
...absolut enttäuschend das gesamtkonzept des albums, nicht mehr als ein spiegelbild des ersten und zweiten albums ist', kommerziell auf nummer sicher gehend bleibt hier jeder mögliche versuch der musikalischen als auch textlichen seite völlig auf dr strecke', leider ist die scheibe ein völlig belangloses album geworden', altersvorsorge für die gute frau humpe oder der erfolgsdruck des jungen tawil - mag dahingestellt bleiben - es bleibt ein fader nachgeschmack und der ist so nachhaltig, dass damit das erste und teilweise zweite album als kunstwerk anfängt zu bröckeln. traurig aber leider wahr!;0
Bin ehrlich ein Fan dieses Zweiergespanns doch leider muss ich zugeben, dass ich das Gefühl habe, als hätten die beiden es sehr eilich, den letzten Erfolg aufrecht zu erhalten oder Angst vor einer längeren Kreativpause haben.;1
Das muss ich einfach mal loswerden: Ich kann es nicht nachvollziehen, wie Leute auf die Idee kommen, solche Musik freiwillig in ihren Player zu schieben. Es sei denn man braucht Hilfe dabei sich zu übergeben. Solch platte und schwülstige Texte..;0
Ich musste die ganze Zeit während das Albums an diesen Schlagerschmalzfuzzi aus ”Männerherzen” denken, der sich beim Texten hirnlosen Mist aus dem Hirn gekotzt hat und ganz ergriffen ist, während die Tontechniker in der Fantasie bereits Kopfschüsse üben. Ich frag mich auch, ob Adel Tawi beim Singen denkt oder ob er das komplett abschaltet. Vielleicht denkt er auch die ganze Zeit ans Geld.;0
Viel mehr scheint es so, also ob Annette Humpe und Adel Tawil mal zwischendurch ein Kindergedicht geschrieben hätten und das ganze mit Musik untermal hätten.;0
Adel singt einem wieder aus der Seele.;1
Malwieder haben es Annett und Adel geschafft ein wirklich gutes Album zu produzieren, alle Lieder erzählen eine ganz eigene Geschicht so wie man das von Ich+Ich gewohnt ist aber auch hier drin sehe ich persönlich das Problem, es ist nichts neues wenn man die 2 Voralben mit dem vergleicht findet man keine Abwechslung, nichts neues, kein neuer Stil und das finde ich ehrlich gesagt etwas traurig, heutzutgae liefern deutsche Bands keine Abwechslung mehr, SEHR SCHADE!!!;1
Vieleicht kommt mir das nur so vor aber manchmal hört sich Ich & Ich an wenn Adel Tawil singt wie Purple Schulz (Sehnsucht).Oder ich bin halt völlig verkorkst.;1
Dem Album fehlen die Ohrwürmer der letzten zwei CD's und Adels tolle Stimme kommt nicht so gut zur Geltung wie in ”Stark” oder auch in ”Die Stadt”, welches Lieder sind die ich auf und ab hören konnte.;0
Genauso wie bei der Mitarbeit (außer bei ”Stadt”) an Casandra Steens Album habe ich das Gefühl das Annette Humpe und Adel Tawil sehr unter Druck stehen und damit nahe am Abrutsch in den Schlagerbereich (d.h. etwas verkitscht) sind.;0
Stein - naja ungewöhnlich auch irgendwie. Aber eher im negativen Sinn. Da ist ein Stein in meinem Herzen und in meinen Ohren. Schüttel.........da rettet auch Adels Gesang nix.;0
Wo Annette Humpe noch auf den ersten beiden Alben einiges gesungen hat, hat sie hier gerade 2 Lieder von 12 selbst gesungen, ist mager, aber Adel reißt mit seiner tollen Stimme das Ruder rum.;1
Um zunächst mal die positiven Aspekte hervorzugheben: nach wie vor singt Adel Tawil klasse;1
Wunderbare Songs, die stimmlich wie melodisch einfach zusammenpassen. Annette schreibt poetische und klare Texte - Adel setzt sie in erste Sahne um.;1
Kompliment Adel, danke Annette für soviel musikalischen Genuss!;1
Sido und Adel singen wie Brüder...einfach nur göttlich!!;1
toller Song - Adels Stimme ist einfach nur geil. ',D;1
voll die pornoralle dieser Adel Tawil, sehr stark!;1
So geil wie Adel mit der Stimme beim Refrain hochgeht, so viel Gefühl :);1
und adel tawil ist ein guter musiker ',);1
rapper + adel tawil = perfektes lied..;1
erst sido dann azad besser kann adel tawil nich mehr werden..;1
Azad & Adel Tawil 2 Kings für mich im Music geschäft;1
Der hat richtig Stimmung gemacht der Adel..;1
Sowohl ich wie auch Daniel waren mehr als nur angetan wie super nett und entspannt Adel Tawil ist.;1
ich hab bei einem Freund das ganze neue Album gehört, fand es aber eher langweilig. Klingt so, als würde jemand 2Raumwohnung kopieren... keine Pflichtplatte, jedenfalls!;0
jo ich find ich und ich ned schlecht;1
Zugegebenermaßen ist ICH + ICH ein ungewöhnliches Singer-Songwriter-Duo. Die Ex-Ideal Ikone Annette Humpe - ganz nebenbei auch die erfolgreichste deutsche Produzentin - und der junge talentierte Adel Tawil ergänzen sich wunderbar zu einem aufregenden Duo mit sensiblen, nachdenklichen und tief emotionalen Texten.;1
ch war sehr begeistert. ”Ich und Ich” habe ich in Zwickau live erlebt. Wunderschön, ich konnte sogar mit Adel Tawil reden. Er ist ein sehr netter junger Mann ohne Starallüren. Bei ”Ich und Ich” werde ich wieder einmal live dabei sein.;1
Dank der Unterstützung von ADEL TAWIL ( ICH + ICH ) kann diese Nummer noch als nett angesehen werden.;1
Das Lied finden alle in unserer Family toll ( aber nur weil Adel Tawil mitsingt ).;1
Cassandra Steen hat einfach eine zauberhafte Stimme und im Mix mit Adel Tawil kommt die Botschaft aus diesem Song einfach super rüber!;1
Vorsicht! Anette Humpe und ihr Mitstreiter haben wieder ihre Instrumente ausgepackt und bewerfen uns mit musikalischen und textlichen Klischees.;0
Ich & Ich sind wohl die am meisten überschätzte Band 2008. Langweilige und zum Teil wirklich unsinnige Texte, ewig gleicher Beat, wenig neue Einfälle - das reicht in Ländern mit hohem Musikanspruch nicht mal für eine CD.;0
Nicht zum Aushalten, soooooo langweilig.;0
Gesucht und gefunden zu haben scheinen sich Annette Humpe und Adel Tawil.;1
Ich+Ich sind für mich die perfekte Symbiose aus Musik und Texte von Anette Humpe und der wirklich tollen Stimme von Adel Tawil.;1
Dieter verarcht euch doch nur die Leute die ihn lieben ich sags euch er verarscht euch nur er ist ein Arsch!;0
Find ihn total cool und witzig !;1
der ist hammer geil haste den schon mal live gesehen;1
aber er ist genauso furz ehrlich in seinen äußerungen wie ich und das find ich gut , er ist halt kein Arschkriecher !;1
ihr seid sokindisch dieter ist auch vool schwul;0
der mann is frech und sonst scheißt er auch jeden zusammen dutzt polizisten der will nur aufmerksamkeit;0
Er tut nur so als sei er ein Arsch.;1
Er ist halt direkt.. ;1
Also ich finde Dieter so gut, wie er is. Das wär doch ur langweilig wenn der immer nur so rumschleimen würde ...;1
Er ist ein Arsch.;0
Ich glaube nicht, dass er ein Ar... ist. Mit seinen Sprüchen treibt er doch nur die Einschaltquoten hoch.;1
es gibt eben auch Menschen die ganz ehrlich sagen was sie denken.Was ist daran denn so falsch? Ok manchmal übertreibt er schon ein bisschen ',-);1
Die Meinung die er über Schwule und Nonnen im TV geäußert hat ist Beleidigend und Respektlos. ;0
weil er keinen Charakter hat!;0
er ist und bleibt ein scheiss arschloch;0
Mag sein das Dieter es sich leisten kann Forderungen zu stellen, aber das hat er sich auch verdient. Die ersten 10-15 Jahre musste er auch auf andere hören und denen in den Arsch kriechen. Und selbst heute kann er nicht machen was er will;1
Dieter Bohlen Du bist einfach nur Klasse!;1
er ist einzigartig und sympatisch;1
Dieter is einfach der oberhammer, wie er selber doch ab und zu mal sagt ',);1
Das ist das perfekt passende Vademekum für Bild- und Focus-Leser, RTL-Fernsehzuschauer und SUV-Fahrer, also eine richtig große potentielle Klientel.;0
Selbstdarstellung vom übelsten...;0
Jetzt könnte das Ganze ja vielleicht noch funktionieren, wenn Herr Bohlen lustig erzählen könnte, vielleichtsogar mit Sprache originell umgehen könnte. Aber hier offenbart sich der Totalausfall dieses Hörbuchs.;0
Der Prophet und seine Jünger , andauernd dieselbe Leier und Getöne.;0
Bohlen ist authentisch, da mag man ihm den einen oder anderen Punkt, der eher suboptial gelöst ist, verzeihen.;1
Sprücheweltmeister ist er sowieso.;1
Man kann von Dieter Bohlen halten was man will..aber eines hat er mit Sicherheit..einen ganz eigenen und sehr hohen Unterhaltungswert..;1
Modern Talking hin und DSDS her..der Mann macht wirklich aus wenig viel..und in seinem Sinne eben Geld..;1
Bohlen ist extrem streitbar, keine Frage.;1
Für mich bleibt er ein Mann mit viel Gefühl und Musikkenntniss!;1
Weiss Gott, weswegen seine billigen Songs derart beliebt sind - ich finde sie vorhersehbar und langweilig! Zumal sein saudämliches Grinsen - verdächtig nahe an der Grenzdebilität - und sein lässiges Fäustchen, das er nicht nur zum posen auspackt ihm nicht gerade helfan, cool zu wirken! Und was um Gottes Willen spielt der eingentlich jeweils auf seiner Gitarre??;0
Aber Dieter Bohlen hilft mir immer wieder aus zahlreichen Tiefs raus. Jedesmal wenn es mir mal scheisse geht, denke ich an ihn, und sag mir da geht es einem noch beschissener.;0
Ich find Bohlenis ein Gartenzwerg auf Ekstase,der über alle blöd ablästert und selbst nix besser kann.;0
Er ist (besser: war) nun mal der Meister des 08/15-Mainstreams. Wer mehr als 130 Mio. Tonträger verkauft, kann dies nicht mit ”Zweitonmusik” schaffen.;1
Gerade die Blue System Sachen sind das allergrösste, das er je fertiggebracht hat!!!;1
Am besten war Bohlen noch in seiner allerersten MT-Phase und als Produzent Dir bekannter Sternchen.;1
Ich verdamme ihn nicht. Der Mann wirkt unsympathisch, aber er ist keinesfalls doof im Sinne von unintelligent. Ganz im Gegenteil. Ein Geschäftsmann, der alle Tricks kennt, der wusste, welche Noten er zu setzen hatte, um Millionen zu verdienen. Das ist - wie gesagt - eine Art besonderer Leistung.;1
Seit seinem DSDS-Comeback hat er ALLE seiner Singles in die Top 10 gebracht, mit nur 2 Ausnahmen alle unter die ersten 3.;1
Ich persönlich denke, Dieter Bohlen hat ZUVIELE Singles geschrieben und sich dann mit Top 20-Platzierungen zufrieden gegeben, so dass dann die letzten C.C.Catch-Lieder und Blue System-Lieder eher peinlich waren',;0
es sind doch alle die selber schuld, die bohlens ”schrott” kaufen und ihm hohe einschaltquoten bescheren!;0
dieter sollte ne samstag-abend-unterhaltungsshow bekommen;1
ich sag nur mal wies ist: der typ (dieter bohlen) ist einfach zum kotzen.;0
dieter for ever;1
Interessant, interessant. Bohlen sagt was vernünftiges!!!!!!!!!!!;1
DIETER BOHLEN = LOSER;0
Ich mag Dieter Bohlen nicht. Er ist mir meist zu arrogant...;0
Ich mag den Bohlen nicht besonders, aber hier sagt er wirklich mal etwas Wahres.;0
Dieter Bohlen wird stark unterschätzt! Einer der sympathischsten deutschen ”Promis”..;1
dieter bohlen ist eine legende!;1
Alter ist das ein dödel wenn ich den schon sehe fällt mir schon vor lauter hass eine kackwurst aus dem arschloch, Dieter Bohlen möcht ich mal den arsch versohlen;0
Dieter Bohlen ist nur ein untalentierter Idiot, der nur nervt und keine verdammte Legende ist.;0
Udo hat mit allem Recht, ;1
Udo nimmt nur Einfluss auf AKTUELLE Produkte wie ”Einfach ich”... - beim ”Rest” verlässt er sich auf sein Umfeld - leider... -;1
So wie unser Udo Jürgens ist, so ist auch seine Musik. Einfach einmalig.;1
Zu Udo Jürgens braucht man, denke ich, nicht viel sagen! Er ist einfach spitze, so wie dieses Album! Danke!;1
Ich war nie ein Fan von Udo, aber jetzt bin ich einer!;1
Danke Udo für diese bewegenden Einblicke in deine Kindheit und in deine Familie.........;1
Dass Udo erst ab mittags ansprechbar ist, kann durchaus stimmen. Vorstellbar ist es allemal!;1
Lieber Udo Jürgens, danke dass es Dich gibt. Du bist und bleibst ein wahrer Künstler mit Leib und Seele.;1
happy birthday, bitte bleibe gesund und uns lange erhalten. wer soll sonst geistreiche lieder singen und unvergessliche melodien komponieren?;1
Ein wunderbarer österreichischer Musiker!;1
aber bei dem udo, bei wein und griechenland mache mal eine ausnahme.... mir fällt wirklich nix beleidigendes dazu ein...;1
udo-unser schlagergott;1
Udo hat einfach Stil.!;1
Das waren noch Lieder! Wenn ich die mit dem heutigen Udo (Der ganz normale Wahnsinn) vergleiche, kann ich nur sagen: Es wird langsam Zeit, aufzuhören. Er wiederholt sich bei wirklich jedem Lied. Jede Melodie kommt einem bekannt vor. (Vom Text mal abgesehen, aber der sit eh nicht von ihm.) Der wahre Künstler weiss, wann es Zeit ist, zu gehen.;1
Klasse Lied - und net so viel saufen, Udo! ',-);1
Udo Jürgens ist ein grosser Sänger.;1
udo ist der king!!;1
Nach wie vor udo ist einer der besten deutschsprachigen sänger,;1
GENIAL udo jürgens ist einfach ein genie...;1
Udo ist nicht zu überbieten!;1
Öhhh Udo du alte gurke;1
Im Grunde finde ich Schlager nur eines: Sch****! Aber auf Udo Jürgens lass ich normalerweise nichts kommen :);1
Udo trifft es mal wieder auf den Punkt.;1
So einen Hetzer wie Udo Jürgens würde ich auch aus meinem Haus rausschmeißen. Wie der über seine Nachbarn herzieht! Echt fies.;0
ausm udo wäre mehr raus zu holen, wenn er sich nicht dem schlager verkauft hätte...;0
Udo Jürgens hat damals seeeehr schwach angefangen mir Liedern wie ”Merci Cheri” und solchem Schrott.;0
Udo Jürgens ist für mich einer der erfolgreichsten Unterhaltungskünstler, Komponisten und Interpreten mit guten , sehr guten Texten.;1
Udo hat den Nerv der Zeit getroffen und manche seiner Lieder, gerade dieses, trifft voll in den Nerv.;1
Udo Jürgens war und ist immer ein sehr kluger Mann gewesen. Auch ihm haben wir es zu verdanken, das wir heute freier leben können, als damals.;1
Man Udo ist doch einfach der Playa schlechthin^^;1
ich höre normalerweise Deathcore & Punk, aber Udo Jürgens ist GENIAL ! :D;1
Udo Jürgens - ist der coolste deutsche Rentner !!;1
Der Udo...noch immer ein der grössten Sänger von Deutschland. Sehr vielseitig!;1
Ich mag Udo Jürgens nicht, ich mochte ihn noch nie und ganz früher war er für mich ein Brechmittel.;0
ich muß Udo Jürgens ja nicht lieben, aber jetzt achte ich;1
der kerl hat einfach zu viel lieder mit sinn gemacht von daher werden wir uns als olle gothics trotzdem die nächste tour ma geben..;1
Ich mag zwar keine Schlager aber das Lied ist schon immer der Hammer geweswen!;1
ebe seit über 30 Jahren im Ausland und stelle fest, das Herr Jürgens um keinen Deut gealtert ist, das Lied ist klasse und er selbst in Topform. Und das macht richtig Spass, jemanden, dessen Lieder man schon von Kindheit an kannte, so zu sehen.;1
Udo Jürgens - ein Phänomen! Unglaublich, dieser Mann und seine Lieder. Ein Konzert mit ihm ist ein Erlebnis, das einen noch lange begleitet. Und bei diesem Lied mitzusingen ist einfach grandios ... Man muss ihn einfach lieben!;1
Wer da nicht Gänsehaut bekommt und Sennsucht,....................… Ein Gefühl von Frieheit und Lebensträume pur........;1
Udo Jürgens ist ein großer Künstler. Er repräsentiert - leider fast alleine - die deutsche Sprache. Dafür, ob ”rechts” oder ”links” gesinnt, sollten wir alle uns zutiest vor ihm verbeugen;1
... die ganz grosse Schule des Entertainment! Bravo Udo;1
Udo ist ”keine Legende” Udo lebt und hat mein ganzes Leben begleitet:)) auf so ne Musik muß man erstmal kommen…;1
Udo Jürgens zusammen mit der Pepe Lienhard Band ist musikalisch gesehen ganz, ganz großes Kino;1
da haste recht! Selbst in ner DIsco kommt der an! Ich meine die ORIGINALE!!!;1
Ich habe für einfachen Schlager nicht viel Übrig aber diese texte sind GEIL;1
Es ist ja kaum Schlager was er macht, er macht schon Pop und mehr als das! Er bringt eine Nation zum Tanzen und Springen!;1
ich bin grad mal 12 aber voll cool das liedwill ich mit 66 Jahren hören :);1
Er besitzt sowohl die Österreichische als auch die Schweizer Staatsbürgerschaft, hat aber ABSOLUT NICHTS mit Deutschland zu tun.!!!;1
...er hat mehr Jahre in Deutschland gelebt als in Österreich und Schweiz zusammen. Hier ist er erst berühmt geworden.;1
Der Auftritt Andrea´s bei Carmen Nebel war wie gewohnt sehr gelungen, so wie alle ihre Auftritte . Naja bei solch einer wunderschönen Stimme.;1
Aber die Berg..... gelungener Auftritt? Das ich nicht lache. Ich glaube, die hat keinen Spiegel!!!!!! Und wie blöd die immer da steht. ;0
hey andrea ist ne klasse frau und ihre lieder sind mega toll ..;1
An diesem Abend ist der Stern ”Andrea Berg” untergegangen!!!;0
Jetzt weiß ich wieder, warum ich die Figur Andrea Berg samt musikalischem Output nicht mag.;0
Schmalziger Hausfrauen-Pathos, vorgetragen mit einem spindeldürren Stimmchen, die Arrangements klingen wie auf einer Bontempi-Orgel eingespielt (die Schüler-Version), es ist fast schon widerlich.;0
Da sollte sie doch mal professionelle Texterhilfe in Anspruch nehmen und nicht selbst sowas Dümmliches verzapfen!;0
Das soll jetzt alles toll sein ? Die kann doch nichts eigenes.;0
Ausgelatschte Trampelpfade über die schon tausendmal gelaufen wurde. Oder musikalisch ausgedrückt: Das kennen wir doch schon alles! Die Beats, der Rhythmus, die Instrumentalisierung, alles ein Einheitsbrei;0
Andrea Fischer… Helene Berg...hört sich doch alles gleich an..Volkstümliche Pop, oder besser Schlagermusik, kennst 1 Titel , kennste alle...Abenteuer??? Wirklich nicht!!! Da höre ich mir doch lieber eine CD von Elfiiee Grafff an.;0
Irgenwann kann man diese Einerlei' halt nicht mehr hören-nochmals sorry...;0
Da wird auf einen üblichen Klischee-Zug aufgesprungen und vergessen, dass Andrea Berg seit jeher immer gleichklingenden Sound veröffentlicht.;0
Da Andrea Berg auf Grund ihres wahnsinnigen Erfolges zwansgweise polarisiert, gibt es hier überwiegend entweder total positive oder völlig negative Kritiken.;1
Doch ich muss sagen, dass ich leider etwas enttäuscht bin von dem Album. Beim letzten Album dachte ich mir schon, ob das gut gehn würde, Berg und Bohlen. Aber es hatte mich restlos überzeugt. Dieses mal ist es leider wie damals befürchtet. Fast ausschliesslich geklaute Musik!!!;0
Vielmehr fühlt man sich beim Hören im positiven Sinne zuhause: melodisch, melancholisch, tanzbar und immer mehr...eben Andrea Berg, wie man sie kennt und schätzt, nicht mehr und nicht weniger...;1
Diese Frau ist einfach ein bisschen Wahnsinn!;1
Man merkt dass sich diese Frau seit ”tausendmal belogen” entwickelt hat und sich feinfühlig mit ihrer Umwelt auseinander setzt.;1
Ich persönlich gehöre zu den Menschen, die Andrea Berg sehr toll finden und sie für ihre Arbeit sehr schätzen.;1
einfach cool ich hasse andrea berg aber egal!!!;0
Aber die Musik gefällt mir nun wirklich nicht. Ich fragte mich die ganze Zeit, wie man mit dermaßen seichter Musik 10.000 Menschen (sogar aus Holland, Südafrika etc.) fesseln kann. Da hört sich jedes Lied gleich an.;0
Ich mag ihre Musik aber nicht so, die alten Schlager der 70-er Jahre waren besser.;0
Die zieht sich immer so billig an!;0
ich hasse die alte.Da is die Rosanna Rocci viel besser.;0
Ich HASSE Andrea Berg! Ich hab meine Mutter verboten, die CDs anzuhören, wenn ich auch nur in der Nähe bin - ich sehe diesen Suchbegriff als persönliche Beleidigung! ;0
ich hasse andrea berg!!! (meine mudder hört des immer!!!) *abkotz*!! ;0
andrea berg ist zwar niicht so mein fall genauso wie kim aber ich glaube das lied passt zu kim..... hauptsache manuel kommt weiter..... *-*;0
Über Andrea Berg scheiden sich die Geister.;1
Obwohl ich Schlager mag, haße ich Andrea Berg auch. Da steh ich mehr auf Wencke Myhre, Marianne Rosenberg u.s.w.;0
ha ha.. Andrea Berg ist für mich eher Volksverdummungsmusik… Sowie jede andere Art Volksmusik auch…;0
Also ich hasse Andrea Berg nicht, aber ich kenne kein einziges Lied von ihr, sowas höre ich nicht einmal. Ist mir aber ein völliges Rätsel, wie so jemand auf Platz 1 in die Charts kommt. Kann doch irgendwie nicht mit rechten Dingen gehen oder .....;0
Ob man Frau Berg ihre Musik hören mag oder - wie ich - nicht: Eines muss man fairerweise sagen: Sie hat eine sehr gute Stimme und hilft den deutschen Schlager erfolgreich zu gestalten.;1
scheisse ist die alte hässlich....;0
Eine tolle Frau und singen kann sie auch;1
Die alte Scheißnutte...;0
Naja wer so was freiwillig hört ist selber Schuld!;0
Beautiful music and Frau! *****;1
Bin kein großer Andreas Berg fan aber, die Kunst ist ein Publikum mitzunehmen.Das ist ein Lied wo das Publikum den Refrain Singt.Depeche Mode macht die auch wie. z.B. bei Enjoy The Silence,oder früher Quieen.;1
Man sollte ihr gesangsverbot geben, denn sonst verblöden viele Menschen;0
Man sollte Politikern sprechverbot geben die das Volk verdummen, aber Andrea Berg ist ungefährlich.;0
In diesem Lied kann man sich richtig fallen lassen, das ist wohl die Stärke von der Andrea Berg. Danke für dieses wunderschöne Lied. Ich hoffe wir hören bzw. sehen bald neue Aufnahmen.;1
Bevor man zu Konzerten dieser uneträglichen Königin der Unterschicht geht, sollte man sich vielleicht lieber einmal mit der deutschen Rechtschreibung befassen.;0
Und da sage noch einer der Deutsche Schlager ist Müll!! Helene und Andrea füllen tausende von Plätzen in ihren Konzertsälen.... Patriotismus steht uns auch zu :-);1
Sie kann begeistern ! Auch wenn man nicht auf Deutsche Schlager steht ;1
die Frau sieht nicht nur hammer aus sie ist der Hammer ',-)das Konzert war voll geil.. ach was sag ich.. alle Konzerte sind geil von ihr;1
darf auf keiner party fehlen...einfach party pur;1
die frau hat power und merkwürdig ist das schon keiner geht zu den konzerten aber alle konzerte sind ausverkaut egal die frau ist top.;1
Ob schwul oder hete man liebt diese frau einfach..;1
einfach nur perfekt und das in jeder hinsicht;1
Andrea ist immer ein Stern!!!!!!!;1
Also sorry die Musik kann man ja NUR zum putzen hören, kennst du ein Lied kennst du ALLE .... Und bitte Frau Berg ganz schnell mal einen Stylisten aufsuchen.... Frisur wie eine Putzfrau/Mantabraut und vom Kleid ganz zu schweigen.... wenn man solche Kleider trägt sollte man sich dementsprechend bewegen können.... Schlimm die FRAU!!! Für mich sieht sie aus wie eine Transe, wobei die sich noch besser bewegen können und besser aussehen :-);0
Ich liebe Ihre Stimme und habe dieses Album daher vorbestellt, aber mir gefällt es gar nicht! Leider... :(;1
Teilweise sind die Titel dermaßen mit technischen Soundspielereien überladen, dass sie nur noch anstrengend wirken und stimmlich bringt Cassandra auch nicht so viel Gefühl rüber wie ich mir erhofft hatte.;0
Ich will das Album nicht verreißen, denn die Künstlerin hat sich sicher was dabei gedacht. Das einzige was ich kritisiere ist die Tatsache, dass man tatsächlich in manchen Songs die Stimme so verfremdet hat - und das wo ihre Stimme so ein Garant für Power, Emotion und Klarheit ist.;1
Cassandra Steen hat mir ihrem schönen Vorgänger-Album ”Darum leben wir” für mich eine Brücke zu einer Musikrichtung geschlagen, die sonst so nicht zu meinen Favoriten gehört.;1
Sie hat einfach eine unverkennbare Stimme. Dieser Titel ist mal wieder ein Ohrwurm. Hat auch Power und lässt nachdenken. Von mir auf jeden Fall fünf Sterne. Tolle Frau, sag ich als Frau und tolle Stimme.;1
So etwas nannte man früher mal schlicht und ergreifend Schlagermusik und zwar von der eher schlichten Art.;0
Das ist von den Texten einer Nena oder Annett Louisan und derer Begleitbands Lichtjahre entfernt, das rieselt vor sich hin und weiter kommt nix.;0
Cassandra, die aus Hamburch kommt und sich mal Stiehn und mal Steen aussprechen läßt, hat keine schlechte, aber eine wenig wiedererkennbare Stimme.;0
Der Song ”Stadt” klingt gut, aber das liegt nicht an Ihrem Talent, sondern am Sounddesign...wie so oft. Gut arrangiert, aber ob das nun Frau Steen oder Gabi Klink singt ist völlig Banane.;0
Schade! Ich war immer großer Glashaus-Fan und halte Cassandra für eine der interessantesten Stimmen Deutschlands. Daher habe ich mir von ”Darum leben wir” wirklich sehr viel erhofft - und wurde schwer enttäuscht.;0
Ansonsten sind die Texte größtenteils absolut platt, die musikalische Umsetzung eine billige Popproduktion und Cassandras Stimme kommt nirgendwo wirklich in ihrer puren Schönheit zur Geltung.;0
Dies kombiniert mit der wunderschön sanften Stimme der Frau Steen - Spitzenklasse und eine klarer Anwärter bei den besten Alben des Jahres 2009.;1
Songs und Stimme klingen offener und nicht so düster.;1
Für mich ist sie mit Joy Denalane mit die einzige Alternative deutschen Soul aus weiblichen Kehlen zu hören.;1
Allerdings kehrt Cassandra Steen in einigen Songs der reinen Soulmusik den Rücken.;1
Aber dennoch sei gesagt , Cassandra hat eine einzigartige Stimme...wie mein aus Glashauszeiten ja weiss...;1
Cassandra Steen hat einen wunderschönen Soul in ihrer Stimme. Die Musik ist sehr gefühlvoll und melodiös, die deutschen Texte sind aussagekräftig.;1
Endlich macht Cassandra Steen aus ihrer Stimme das, was ich schon immer rausgehört habe: Emotionen.;1
Tolle Stimme, tolle Frau, tolle Lieder - mehr lässt sich zu der absolut gelungenen CD nicht sagen.;1
Wer Cassandra mit Band in der Villa Berg in Stuttgart erlebt hat, der mußte von ihr hingerissen sein.;1
Ja, auch Wenn das Liebe ist und Haltet die Welt an mit Glashaus waren irgendwie toll, die wird aber solo nicht viel reissen können :/;1
Der Song hat eine gute musikalische Idee, aber leider passiert nach den ersten zehn Sekunden nichts neues mehr. ”Wenn das Liebe ist” war wirklich groß.;1
Irgendwie fasziniert mich diese Dame. Nein, sie ist nicht ausfallend hübsch, aber hässlich ist sie auch nicht. Gut, sie ist ein bisschen groß und etwas füllig, aber dick ist sie auch nicht.;1
Die Kleine hat irgendwas, Spirit ?, Charisma ?, egal, nennt ihr das wie ihr das wollt. Ihre Stimme ist bezaubernd, ihre Performance überzeugend echt, ihre Ausstrahlung sympathisch.;1
Ja, auch wenn mir das musikalisch nicht so zusagt, aber die Textzeilen sind schon erstaunlich reflektiert (abgesehen von ein paar schmalzigen Metaphern).;1
ja mann ihr habt recht die frau/ STIMME ist doch GEIL!!!;1
... sorry, lieber 100 mal den Blues einer zu Lebzeiten schon beinah untoten Amy Winehouse als diesen drei mal weichgespülten Bio-Soul! NEXT!;0
Ihr Texte sprechen mir aus der Seele. Besser kann ich meine Gedanken & Gefühle nicht aussprechen...;1
wenn ich dises lied höre muss ich weinen das ist soooooo schöönnnnn;1
diese frau kriegt vieeeeeeel zu wenig aufmerksamkeit!! sie ist das wasser in der staubtrockenen wüste! ich liebe sie;1
hay duu hast recht!! sie ist soo eine tolle künstlerrin!!;1
voll geil ich muss weinen;1
Es gibt Künstler die Können nur Deutsch oder Englisch singen', Cassandra Stehen kann beides. Sie ist echt wundervoll :);1
Cassandra Steen, meiner Meinung nach die beste Stimme in Deutschland....Hat mal bei Postars ein Workshop geführt für die Teilnehmer....war ein Unterschied wie Tag und Nacht...als sie vorgesungen hat im Gegensatz zu den ”Popstars”;1
sie ist schon riiesig..aber lieber riesig und hübsch als klein und hässlichXD;1
voll öde der song:-), sie singt ja immer das gleiche...;0
Gesang Ok, Stimme Ok. Melodie teiklweise übernommen (geklaut?) von Robin First Time. Eigene Ideen ausgegangen???;1
Und Cassandra rundet die Lieder der Sänger Bushido und Adil Lawil perfekt ab!!!;1
Das Cassandra sich auf so ein niedriges niveau herabgibt;0
Die Songs mit Cassandra Steen sind am besten (:;1
sie ist einfach nur unnatürlich und übertrieben, ist doch toll so.;1
Bei allen ihrer Lieder bekomme ich bei den Schönsten Stellen ein Kribbeln überall auf meiner Haut', ein Zeichen für ein Hammer Lied....;1
Ihre Texte sind wahnsinn sie haben Tiefgang und Inhalt man sollte ihr einen Orden im Verdienst um die deutsche Sprache verleihen.;1
Cassandra Steen ja die schönste Soulstimme Deutschlands ihre Stimme ist viel reifer geworden;1
Das ist noch garnix ,;1
Hallooo Cassandra Du hast die stimme eines Engels danke Gott dem Herrn das Du das Bist Lieb habe ich Dich....Wunder schönnes Lied ....;1
Ich mag es nicht, aber ich mag Cassandra nicht.;0
Und auch Cassandra Steen ist eine ungelaublich talentierte Sängerin!!;1
cassandra wirkt an manchen stellen überfordert;0
Cassandra Steen und Xavier Naidoo, zwei der wichtigsten- meiner meinungnach- Intelektuellen Künstler Deutschlands. Achtet auf deren Worte und versteht :);1
ich bin das Licht der Welt und brauche deine hilfe Nina ”ES KOMMT VON DA OBEN!!” ich bitte inständig um antwort danke;1
Ich höre gerade die Gospel CD von Dir, NIna, echt ermutigend und swingend :-) ... Weiter so! ;1
Nina Hagen zu treffen gehört auch da zu, sie ist auch eine sehr starke Brücke zwischen den Welten.;1
nina kenne ich nicht, deshalb kann ich mir da auch kein urteil erlauben',o));1
Ich bin auf diese Seite gestoßen, weil ich Nina sehr schätze.;1
Aber Nina schreibt scheinbar nix dazu echt schade, dachte sie hätte da nen Sinn für...;1
Nina tolles Album haste da gemacht. *Daumen hoch*;1
Gott ist laut Nina ”kein Erbsenzähler” und deshalb teile ich Ihre Interpretationen zu dem Thema eigenltlich voll und Ganz.;1
IST JA WOHL EINEN RIESENSCHEISSE DASS NINA WERBUNG FÜR TELEKOM MACHT, HAT SIE DASS GELD ECHT SO NOETIG??;0
Wahrscheinlich hassen sie nicht Dich, sondern das, was der Alkohol aus Dir macht.;1
Als erstes muss ich sagen, dass sie im Grossen und Ganzen nicht die Musik macht, die ich mir gerne anhöre, aber ich finde, dass sie zurecht einen hohen Stellenwert in der deutschen Musik-Landschaft hat.;1
Wenn man ihre Karriere verfolgt, muss man anerkennen, dass sie eine sehr vielseitige Künstlerin ist.;1
Allgemein würde ich sagen (obwohl wie erwähnt ihre Musik im grossen und ganzen eigentlich eher weniger mein Fall ist), dass Nina Hagen eine der wichtigsten deutschen Künstlerinen ist. Ich würde sie vom Charisma und ihrer Vielseitigkeit auf eine Stufe mit Marlene Dietrich stellen, denn wie Marlene Dietrich hat es auch Nina Hagen immer wieder geschafft außerhalb Deutschlands einen starken Eindruck zu hinterlassen.;1
Ich bin kein großer Fan von Nina Hagen und ihrer Musik, dennoch ist und beleibt sie ein Meilenstein in der Geschichte der deutschen Musikrevolution.;1
ich es erfüllt mich mit Freude und tiefer Genugtuung, dass die meisten mit ”schlecht” abgestimmt haben. Daraus kann man sich meine Meinung bezüglich dieser schrillen Dame (um es mal vorsichtig auszudrücken) erschließen.;0
Nina Hagen ist meiner Meinung nach nichts anderes als eine weibliche Version von Udo Lindenberg.;0
Ihre Musik mag ich nicht so aber sie ist immer lustig, versteht jeden Spaß und ist einfach immer gut gelaunt;1
nina hagen is eine total willenstarke frau die einfach nur genial ist auch wenn ein paar leute nicht auf sie stehen weil sie ein bissi durchgeknallt ist aba das finde ich macht sie ja aus...;1
Grundsätzlich ist sie ein cooler Typ und Ihre Musik ist sehr extravagant und gut! Aber seit sie bei Popstars mitgemacht hat, kann ich sie leider nicht mehr ernst nehmen und sie geht mir nur noch auf die Nerven! Schade um die gute alte Nina!;1
Mag ja sein, dass sie immernoch Witzig und gut gelaut u.s.w. ist, doch die Popstar Nina, hat die alte Nina Hagen verraten und verkauft...;0
die ist irre und gehört in ne anstalt;0
Ich weiß nicht vielleicht ist es aber auch gerade Punk alle Erwartungen NICHT zu erfüllen aber von MIR kriegt Frau Hagen KEINEN CENT mehr. Weder für ein Konzert noch für diese CD!!!!;0
Nein Frau Hagen, diesen Mist braut kein Mensch, es ist schon genug das die Zeugen Jehovas Samstags um 8:00 Uhr an meiner Tuer klingeln und nun kommst du noch mit diesem Schwachsinn!!!!!!!;0
Sie fällt auf,wo sie ist.Sie ist erfischend anders,keine Frage. Allerdings,ihre Musik ist einfach totaler Schwachsinn.;1
Nina Hagen hat ja bekanntlich schon immer das getan, was ihr gefallen hat.;1
Eins steht fest: Nina Hagen bleibt sich als Vollblutkünstlerin treu und macht immer noch das, was ihr momentan als am Sinnvolsten erscheint.;1
Nina singt, was Nina bewegt, darin ist sie konsequent.;1
Bis heute macht Nina Hagen unterschiedliche Projekte, die entweder abschrecken oder mitreißen.. es gibt nichts dazwischen.;1
International gesehen ist sie wohl Deutschlands EINZIGER Superstar und mit diesem Album hat sie ihrer Ausnahmekarriere einen weiteren Meilenstein hinzugefügt.;1
Nina Hagen finde ich super... Wenigstens ein ”Promi” der für etwas einsteht...;1
Nina hat viel bewirkt und kämpft und kämpft. Sicherlich ist es auch gut dasses menschen wie nina hagen gibt.;1
Also ich finde nina hagen verletzt oft gefühle anderer und ist sehr herablassend anderen gegenüber.Sie urteilt über andere menschen. Sie hat weder verständniss noch tolleranz für menschen, die nicht dass tun was nina hagen richtig findet.;0
Ich bewundere ihren Idealismus der leider in ihrer Generation immernoch eine Ausnahme darstellt.;1
wenn die welt so aussehen würde wie in ninas kopf, wären alle verschwörungstheorien wahr, außerirdische würden ständig bruchlanden, regierungen würden entweder von außerirdischen kontrolliert oder infiltriert werden oder man würde die außerirdischen kontrollieren oder alles zusammen.;0
Soweit ich weiß, distanziert sich Nina Hagen inzwischen von diversen Aussagen, weil sie angeblich von ihrem Guru manipuliert wurde.;0
ich schaue ja hin . aber was ich sehe ist eine durchgeknallte nina hagen.;0
Nina ist ein absolut gutmütiger Mensch und wird von vielen Leuten verkannt.;1
NINA HAGEN IST EINER DERW ENIGEN MENSCHEN AU DIESEM PLANETEN DIE SICH TRAUEN DIE WAHRHEIT ANS LICHT ZU BRINGEN!!!!! RESPEKT! MACH WEITER SO!;1
die gehört erschossen;0
Ihr schaut an der tatsache vorbei das nicht nina hagen irrational ist sondern creativ!;1
Sie spricht keine Wahrheiten aus. Sie beteiligt sich leider lediglich an der Verbreitung wahnhafter Verschwörungs Ideologien. Sie macht sich zu einer Stimme des Prekariat. Sie prädigt moderne Ersatzreligionen, basierend und möglich aufgrund von Halbwissen, Mythen und fehlender Hintergrundkenntnisse. Die Frau und ihre Anhänger haben mein Beileid.;0
Die Frau ist sich ihrer Irrationaliät nicht im Geringsten bewusst. Es ist immer sehr bedauerlich wenn Menschen versuchen Fakten, Wissen und die Wissenschaft durch irrationalen Glauben zu ersetzen.;0
Nina Hagen und seriös, das war die frau die ernsthaft glaubt sie sei von ufos entführt worden;0
nina is schon 'ne crazy chick, aber auf eine sehr positive art.;1
sie ist einfach klasse. (nur ich finde ihren so intensiven glauben an gott etwas schade);1
Nina ist und bleibt eine der größten Künstler in Deutschland und sie war immer politisch .;1
Man muß die Süße einfach lieben.;1
Die Dame ist eben ein wenig....hmm ich sag mal man liebt sie auf ihre eigene seltsame Art und Weise. Erinnert mich irgendwie an Klaus Kinski.;1
Die Frau ist aber alles andere als seriös.;0
Als Künstlerin ist sie mindestens so seriös wie Grönemeyer oder Biermann.;1
